{"cameraMode":{"drawMode":0,"name":"Shaded","section":"Shading Mode"},"sceneLighting":true,"audioPlay":false,"sceneViewState":{"showFog":true,"showMaterialUpdate":false,"showSkybox":true,"showFlares":true,"showImageEffects":true,"showParticleSystems":true},"in2DMode":false,"pivot":{"x":0.20100000500679017,"y":0.9620000123977661,"z":-4.513999938964844},"rotation":{"x":0.079308420419693,"y":-0.2299397587776184,"z":0.018813880160450937,"w":0.9698070883750916},"size":10.0,"orthographic":true}