{"cameraMode":{"drawMode":0,"name":"Shaded","section":"Shading Mode"},"sceneLighting":true,"audioPlay":false,"sceneViewState":{"showFog":true,"showMaterialUpdate":false,"showSkybox":true,"showFlares":true,"showImageEffects":true,"showParticleSystems":true},"in2DMode":false,"pivot":{"x":4.809999942779541,"y":1.4800000190734864,"z":0.3540000915527344},"rotation":{"x":0.029536781832575799,"y":-0.9522327780723572,"z":0.09776157885789871,"w":0.2879794239997864},"size":6.039689540863037,"orthographic":true}