{"cameraMode":{"drawMode":0,"name":"Shaded","section":"Shading Mode"},"sceneLighting":true,"audioPlay":false,"sceneViewState":{"showFog":true,"showMaterialUpdate":false,"showSkybox":true,"showFlares":true,"showImageEffects":true,"showParticleSystems":true},"in2DMode":false,"pivot":{"x":0.20800000429153443,"y":0.46000003814697268,"z":-4.571000099182129},"rotation":{"x":0.015544750727713108,"y":-0.7226596474647522,"z":0.0162618737667799,"w":0.6908460259437561},"size":0.507075846195221,"orthographic":true}