{"cameraMode":{"drawMode":0,"name":"Shaded","section":"Shading Mode"},"sceneLighting":true,"audioPlay":false,"sceneViewState":{"showFog":true,"showMaterialUpdate":false,"showSkybox":true,"showFlares":true,"showImageEffects":true,"showParticleSystems":true},"in2DMode":false,"pivot":{"x":4.809999942779541,"y":1.4800000190734864,"z":0.3540000915527344},"rotation":{"x":-0.041327930986881259,"y":0.9582372903823853,"z":-0.1841902881860733,"w":-0.2150738388299942},"size":6.039689540863037,"orthographic":true}